N-CA-CB-CG,CA-CB-CG-OD1,CA-CB-CG-OD2
1.8320468900407743,0.6885599807116397,0.701350271572689
