N-CA-CB-CG,CA-CB-CG-OD1,CA-CB-CG-OD2
1.143490281,0.23573316,-2.916799004
